epoch,train_loss,test_loss,train_accuracy,test_accuracy
1,4.09795085,4.0452733,0.07212,0.0886
2,3.76467515,3.91263087,0.11826,0.1117
3,3.61239029,3.824628,0.14522,0.1178
4,3.5122955,3.69073159,0.1632,0.1447
5,3.44134514,3.66158452,0.17576,0.1472
6,3.37727486,3.65727485,0.18868,0.1517
7,3.3258413,3.61025298,0.19694,0.1627
8,3.28695655,3.50678858,0.2057,0.1748
9,3.24628482,3.46008907,0.2112,0.182
10,3.21428322,3.4344389,0.21792,0.1894
11,3.18131949,3.37975595,0.22286,0.2064
