epoch,train_loss,test_loss,train_accuracy,test_accuracy
1,4.33083702,4.05896856,0.04498,0.068
2,3.86039028,3.74188771,0.1019,0.1176
3,3.67720911,3.61850479,0.13276,0.1332
4,3.57840653,3.49099437,0.14796,0.1725
5,3.5121474,3.45027686,0.16178,0.1756
6,3.4746591,3.43002748,0.165,0.1768
7,3.45123577,3.35504301,0.16866,0.1935
8,3.43165782,3.39378221,0.17318,0.1795
9,3.40978754,3.40740506,0.178,0.1766
10,3.40226056,3.3970243,0.18046,0.1806
11,3.39123598,3.41634852,0.17968,0.1802
