epoch,train_loss,test_loss,train_accuracy,test_accuracy
1,2.35241051,2.32220471,0.1011,0.1135
2,2.32522722,2.33300906,0.10315,0.101
